INSERT INTO Utente(Username, Access_Key, eMail, Nome, Cognome, Data_Di_Nascita, Nazionalita) VALUES 
	("AndCamo","4ndr34@C","andreacamo@gmail.com","Andrea","Camoia","2002-06-10","Italia"),
	("FiloImbr","3conomia@l0ve","imbrifilo@gmail.com","Filomena","Imbriano","2001-02-05","Italia"),
	("PasqFravekator","1846OnlyL0ve","gennaroambrosio@gmail.com","Gennaro","Ambrosio","2003-02-06","Italia"),
	("TeoGrauso","querty1!","teo_grauso@gmail.com","Teodoro","Grauso","2001-12-10","Italia"),
	("jane_smith","hjo38659jlkds","jane_smith@email.com","Jane","Smith","1985-03-15","Canada"),
	("mario_rossi","psu19457gjleu","mario_rossi@email.com","Mario","Rossi","1995-12-05","Italia"),
	("j_brown","n3wy0rk!","jack_brown@email.com","Jack","Brown","2001-08-08","USA"),
	("Spider_Man","GoW3b10!","peter_parker@newmail.com","Peter","Parker","1998-06-22","USA"),
	("leela","iwo23857shdfk","laura_lee@email.com","Laura","Lee","2005-06-01","Francia"),
	("mattew.white","peu48395jdhks","matteo_bianchi@email.com","Matteo","Bianchi","1990-09-12","Italia"),
	("Juanito","akl28349fhsd","juan_perez@losmail.com","Juan","Perez","1991-03-12","Spagna"),
	("emre_yilmaz","sdkf83457fjg","emre_yilmaz@email.com","Emre","Yilmaz","1994-11-22","Turchia"),
	("Son_Yuki","jhs83746dfgk","yuki_tanaka@email.com","Yuki","Tanaka","1993-06-05","Giappone");

INSERT INTO Post(ID, Descrizione, Numero_Commenti, Username_Utente, Data_Pubblicazione) VALUES
	(0001, "Bellissima giornata di sole!", 3, "Juanito", "2022-01-05 10:30:00"),
	(0002, "Oggi ho provato una nuova ricetta!", 7, "leela", "2022-02-10 15:20:00"),
	(0003, "Si Parte!", 3, "mario_rossi", "2022-03-15 15:20:00"),
	(0004, "In viaggio verso nuove avventure!", 2, "PasqFravekator", "2022-03-01 08:45:00"),
	(0005, "Buon compleanno a me!", 4, "emre_yilmaz", "2022-04-15 12:00:00"),
	(0006, "Finalmente in vacanza!", 1, "j_brown", "2022-05-20 14:10:00"),
	(0007, "Ho appena visto un bellissimo film...", 2, "Son_Yuki", "2022-06-08 19:05:00"),
	(0008, "Ecco il mio nuovo tatuaggio!", 0, "jane_smith", "2022-07-12 11:30:00"),
	(0009, "Stasera vado ad un concerto...", 4, "mattew.white", "2022-08-25 21:15:00"),
	(0010, "La mia nuova bici è fantastica!", 2, "Spider_Man", "2022-09-03 16:40:00"),
	(0011, "Ho appena letto un libro interessante...", 3, "TeoGrauso", "2022-10-19 10:00:00"),
	(0012, "Il mio nuovo progetto è finalmente online!", 5, "AndCamo", "2022-11-02 09:30:00"),
	(0013, "Ho appena finito di correre la mia prima maratona!", 3, "AndCamo", "2023-09-01 14:00:00"),
	(0014, "La mia vacanza al mare è stata fantastica!", 3, "leela", "2022-12-22 11:20:00"),
	(0015, "Oggi ho incontrato un vecchio amico...", 2, "TeoGrauso", "2023-01-05 16:45:00"),
	(0016, "Ho imparato una nuova lingua...", 0, "TeoGrauso", "2023-02-01 10:15:00"),
	(0017, "Il mio nuovo hobby è la fotografia...", 1, "mario_rossi", "2023-03-07 15:30:00"),
	(0018, "Ecco la mia nuova casa!", 3, "Son_Yuki", "2023-04-01 12:00:00"),
	(0020, "Sono appena tornato da un viaggio in Asia...", 7, "mario_rossi", "2023-05-10 18:00:00"),
	(0021, "La mia squadra del cuore ha vinto!", 3, "PasqFravekator", "2023-06-15 21:00:00"),
	(0022, "Oggi ho fatto una grande scoperta...", 2, "FiloImbr", "2023-07-23 08:30:00"),
	(0023, "Che Vista!", 2, "Spider_Man", "2023-03-23 08:30:00");


INSERT INTO Multimedia(ID_Post, Nome, Dimensione, Tipo) VALUES
	(0005, "foto_gruppo.png", 5.3, "Immagine"),
	(0005, "sorpresa.mp4", 25.3, "Video"),
	(0002, "foto_piatto.png", 3.5, "Immagine"),
	(0014, "video_vacanze.mp4", 50.9, "Video"),
	(0009, "song_uno.mp3", 7.2, "Audio"),
	(0009, "logo.png", 2.2, "Immagine"),
	(0009, "cantante.png", 4.2, "Immagine"),
	(0017, "fist_foto.png", 8.9, "Immagine"),
	(0018, "tramonto.png", 10, "Immagine"),
	(0012, "screenshot.jpg", 2, "Immagine"),
	(0015, "selfie.png", 6, "Immagine"),
	(0022, "moon.png", 6, "Immagine"),
	(0007, "sound_track.mp3", 4.2, "Audio"),
	(0016, "registrazione1.mp3", 2.8, "Audio"),
	(0020, "trip.png", 4.2, "Immagine"),
	(0010, "bike_show.mp4", 35.3, "Video"),
	(0011, "libro.png", 2.2, "Immagine"),
	(0008, "tatoo.png", 3.2, "Immagine"),
	(0018, "casa1.png", 3.2, "Immagine"),
	(0018, "giardino.png", 3.2, "Immagine"),
	(0003, "ticket.png", 4.2, "Immagine");

INSERT INTO Commento (ID_Post, Numero, Contenuto, Username_Utente) VALUES 
   (0012, 1, "Complimenti per il tuo nuovo progetto!", "Juanito"),
   (0012, 2, "Mi piace molto il design del sito web!", "Spider_Man"),
   (0012, 3, "Buona fortuna con il tuo progetto!", "emre_yilmaz"),
   (0012, 4, "Posso chiederti che tecnologie hai utilizzato?", "TeoGrauso"),
   (0012, 5, "Fantastico!", "FiloImbr"),
   (0013, 1, "Grande impresa, complimenti!", "PasqFravekator"),
   (0013, 2, "Come ti sei allenato per la maratona?", "mario_rossi"),
   (0013, 3, "Incredibile, sei un atleta formidabile!", "Spider_Man"),
   (0004, 1, "Che bello, mi piacerebbe andare al mare anche io!", "mattew.white"),
   (0004, 2, "Che spiaggia hai visitato?", "emre_yilmaz"),
   (0004, 3, "Spero di poter fare una vacanza al mare anche io presto...", "AndCamo"),
   (0015, 1, "Che bello rivedere vecchi amici!", "Spider_Man"),
   (0015, 2, "Com\'è andato l\'incontro?", "mario_rossi"),
   (0018, 1, "Bellissima casa! Complimenti!", "leela"),
   (0018, 2, "Mi piace molto lo stile minimalista!", "mario_rossi"),
   (0018, 3, "Quanti metri quadri ha la casa?", "jane_smith"),
   (0020, 1, "Che posti hai visitato in Asia?", "Spider_Man"),
   (0020, 2, "Hai qualche consiglio su dove andare in Asia?", "mattew.white"),
   (0020, 3, "Le foto sono stupende!", "AndCamo"),
   (0020, 4, "Mi hai fatto venire voglia di partire!", "emre_yilmaz"),
   (0020, 5, "Incredibile, sei stato in posti meravigliosi!", "TeoGrauso"),
   (0020, 6, "Quale è stato il tuo posto preferito?", "Spider_Man"),
   (0020, 7, "Che belle esperienze hai vissuto!", "PasqFravekator"),
   (0021, 1, "Forza squadra del cuore!", "FiloImbr"),
   (0021, 2, "Com\'è stata la partita?", "leela"),
   (0021, 3, "Sono contento per te!", "Juanito"),
   (0022, 1, "Sono curioso di sapere la tua scoperta!", "Juanito"),
   (0022, 2, "Puoi dirci qualcosa in più?", "leela"),
   (0023, 1, "Che panorama spettacolare!", "FiloImbr"),
   (0023, 2, "Dove hai scattato questa foto?", "leela"),
   (0005, 1, "Auguri di buon compleanno!", "PasqFravekator"),
	(0005, 2, "Tanti auguri anche da parte mia!", "mario_rossi"),
	(0005, 3, "Feliz cumpleaños!", "Juanito"),
	(0005, 4, "Buon compleanno!", "FiloImbr"),
   (0006, 1, "Buone vacanze!", "Son_Yuki"),
   (0007, 1, "Che film hai visto?", "mario_rossi"),
	(0007, 2, "Anche io sono curioso di sapere!", "Spider_Man"),
   (0009, 1, "Che concerto?", "Son_Yuki"),
   (0009, 2, "Divertiti!", "j_brown"),
   (0009, 3, "Spero che ti piaccia il concerto!", "Juanito"),
   (0009, 4, "Fammi sapere come è andato il concerto!", "jane_smith"),
   (0010, 1, "Che marca e modello hai comprato?", "jane_smith"),
   (0010, 2, "Sembra fantastica!", "AndCamo"),
   (0017, 1, "Grande!", "AndCamo"),
	(0001, 1, "Fantastico!", "leela"),
   (0001, 2, "Che panorama spettacolare!", "FiloImbr"),
   (0001, 3, "Hai ragione", "leela"),
   (0003, 1, "Buon viaggio!", "emre_yilmaz"),
	(0003, 2, "Divertiti!", "j_brown"),
	(0003, 3, "In bocca al lupo!", "Son_Yuki"),
	(0011, 1, "Mi piacerebbe saperne di più, qual è il titolo?", "PasqFravekator"),
	(0011, 2, "Anche io! Magari puoi consigliarlo?", "leela"),
	(0011, 3, "Condividi qualche informazione, per favore!", "FiloImbr"),
	(0014, 1, "Che belle foto hai scattato! Qual è la spiaggia?", "PasqFravekator"),
	(0014, 2, "Sembra davvero meraviglioso. Buon divertimento!", "TeoGrauso"),
	(0014, 3, "Anche io sono in vacanza al mare, ma il tempo non è dei migliori...", "mario_rossi"),
	(0014, 4, "Mi piacerebbe visitare quella zona, hai qualche consiglio da darmi?", "j_brown");
    
INSERT INTO Gruppo (Nome, Data_Creazione, Numero_Partecipanti)  VALUES
	 ("Videogame Forum", "2020-06-10", 8),
    ("Rap Fan", "2021-12-25", 5),
    ("Cinema People", "2022-02-23", 3);
    
INSERT INTO Partecipazione (Username_Utente, Nome_Gruppo) VALUES
	 ("AndCamo", "Videogame Forum"),
	 ("PasqFravekator", "Videogame Forum"),
	 ("mario_rossi", "Videogame Forum"),
	 ("TeoGrauso", "Videogame Forum"),
	 ("Spider_Man", "Videogame Forum"),
	 ("Juanito", "Videogame Forum"),
	 ("emre_yilmaz", "Videogame Forum"),
	 ("j_brown", "Videogame Forum"),
	 ("AndCamo", "Rap Fan"),
	 ("mario_rossi", "Rap Fan"),
	 ("PasqFravekator", "Rap Fan"),
	 ("FiloImbr", "Rap Fan"),
	 ("Son_Yuki", "Rap Fan"),
	 ("FiloImbr", "Cinema People"),
	 ("Spider_Man", "Cinema People"),
	 ("mattew.white", "Cinema People");

INSERT INTO Argomento (Nome) VALUES
	("Videogame"),
	("Musica"),
	("Musica Rap"),
	("Film"),
	("Documentari");


INSERT INTO Riguardare (Nome_Gruppo, Nome_Argomento) VALUES
	("Videogame Forum", "Videogame"),
	("Rap Fan", "Musica"),
	("Rap Fan", "Musica Rap"),
	("Cinema People", "Film"),
	("Cinema People", "Documentari");

INSERT INTO Azienda (P_IVA, Ragione_Sociale, Telefono) VALUES
	(814651091, "Coke Company", 184298431),
	(126734561, "Ferrari", 485112448),
	(111789546, "Apple", 682799452),
	(781199518, "Nike", 278235541),
    (891247114, "RealMadrid", 355490178);

INSERT INTO Pagina (Nome, Lingua, Categoria, Numero_Partecipanti , PIVA_Azienda) VALUES
	("cocacola", "Inglese", "Cibi/Bevande", 10, 814651091),
	("Ferrari", "Inglese", "Automobili", 5, 126734561),
	("Scuderia Ferrari", "Italiano", "Automobili", 5, 126734561),
	("Apple", "Inglese", "Tecnologia", 7, 111789546),
	("RealMadrid_FC", "Spagnolo", "Sport", 3, 781199518),
	("Nike", "Inglese", "Abbigliamento", 7, 781199518);


INSERT INTO Seguire (Username_Utente, Nome_Pagina) VALUES
	("AndCamo", "cocacola"),
	("FiloImbr", "cocacola"),
	("PasqFravekator", "cocacola"),
	("TeoGrauso", "cocacola"),
	("jane_smith", "cocacola"),
	("mario_rossi", "cocacola"),
	("j_brown", "cocacola"),
	("Spider_Man", "cocacola"),
	("leela", "cocacola"),
	("mattew.white", "cocacola"),
	("Juanito", "cocacola"),
	("Son_Yuki", "cocacola"),
	("AndCamo", "Ferrari"),
	("FiloImbr", "Ferrari"),
	("jane_smith", "Ferrari"),
	("PasqFravekator", "Ferrari"),
	("TeoGrauso", "Ferrari"),
	("AndCamo", "Scuderia Ferrari"),
	("TeoGrauso", "Scuderia Ferrari"),
	("FiloImbr", "Scuderia Ferrari"),
	("PasqFravekator", "Scuderia Ferrari"),
	("Juanito", "Scuderia Ferrari"),
	("AndCamo", "Apple"),
	("FiloImbr", "Apple"),
	("TeoGrauso", "Apple"),
	("jane_smith", "Apple"),
	("Son_Yuki", "Apple"),
	("emre_yilmaz", "Apple"),
	("j_brown", "Apple"),
	("Juanito", "RealMadrid_FC"),
	("Spider_Man", "RealMadrid_FC"),
	("TeoGrauso", "RealMadrid_FC"),
	("AndCamo", "Nike"),
	("FiloImbr", "Nike"),
	("jane_smith", "Nike"),
	("Spider_Man", "Nike"),
	("leela", "Nike"),
	("mattew.white", "Nike"),
	("Son_Yuki", "Nike");